"","direction","max","min","mean","sd","mean_positive","sd_positive"
"1","FORWARD","2.98248488838482","-2.46494728467082","0.239907381495845","0.787485639815675","0.537297374626958","0.627308825250751"
"2","LEFT","1.12861146355827","-0.967603841714978","0.0180831113800302","0.237282608160889","0.125353955840861","0.189290132718772"
"3","GRAVITY","1.8328909763303","-2.55507790308144","0.00686561234975791","0.5028421757236","0.254757639919739","0.366196009890079"
