"","realAngle","computedAngle","xmean","ymean"
"1",45,10.3045646388932,0.0209016152837925,0.114962097025997
