"","realAngle","computedAngle","xmean","ymean"
"1",45,51.3405385585477,0.0208484809846832,-0.0166785778267794
